id,label
1,67
2,102
3,74
4,12
5,74
6,55
7,28
8,3
9,164
10,173
11,84
12,175
13,188
14,15
15,61
16,110
17,45
18,144
19,118
20,27
21,94
22,12
23,120
24,7
25,108
26,61
27,58
28,3
29,181
30,11
31,45
32,103
33,67
34,29
35,89
36,167
37,149
38,14
39,21
40,160
41,11
42,19
43,135
44,64
45,128
46,123
47,75
48,76
49,19
50,6
51,104
52,79
53,146
54,70
55,147
56,58
57,69
58,23
59,70
60,108
61,127
62,70
63,105
64,85
65,34
66,77
67,142
68,19
69,42
70,189
71,125
72,47
73,121
74,22
75,44
76,20
77,2
78,101
79,127
80,44
81,76
82,44
83,42
84,77
85,41
86,85
87,12
88,73
89,185
90,172
91,67
92,128
93,77
94,167
95,82
96,98
97,120
98,101
99,151
100,30
101,22
102,15
103,128
104,45
105,72
106,112
107,168
108,189
109,109
110,151
111,10
112,133
113,187
114,19
115,91
116,86
117,106
118,195
119,72
120,195
121,118
122,10
123,148
124,7
125,200
126,39
127,28
128,40
129,86
130,153
131,127
132,64
133,99
134,97
135,43
136,115
137,66
138,135
139,185
140,10
141,193
142,139
143,173
144,96
145,136
146,23
147,27
148,134
149,169
150,74
151,118
152,61
153,173
154,159
155,94
156,87
157,155
158,10
159,45
160,159
161,78
162,159
163,114
164,102
165,35
166,75
167,178
168,96
169,113
170,54
171,84
172,35
173,69
174,25
175,37
176,127
177,128
178,34
179,150
180,1
181,173
182,150
183,66
184,40
185,173
186,127
187,22
188,73
189,29
190,120
191,185
192,82
193,78
194,196
195,139
196,118
197,28
198,84
199,182
200,188
201,97
202,10
203,173
204,164
205,33
206,125
207,66
208,155
209,19
210,162
211,116
212,74
213,170
214,16
215,145
216,64
217,171
218,5
219,104
220,79
221,48
222,112
223,35
224,39
225,75
226,120
227,53
228,65
229,170
230,150
231,34
232,53
233,37
234,110
235,26
236,13
237,104
238,195
239,22
240,167
241,28
242,87
243,53
244,124
245,160
246,186
247,7
248,10
249,41
250,69
251,77
252,5
253,58
254,50
255,111
256,139
257,129
258,10
259,98
260,151
261,123
262,132
263,37
264,90
265,61
266,99
267,42
268,35
269,28
270,71
271,72
272,120
273,93
274,6
275,15
276,65
277,64
278,104
279,46
280,185
281,126
282,58
283,41
284,21
285,1
286,4
287,46
288,4
289,198
290,56
291,1
292,153
293,150
294,47
295,99
296,112
297,36
298,116
299,128
300,177
301,135
302,28
303,109
304,172
305,106
306,18
307,100
308,29
309,160
310,100
311,11
312,129
313,18
314,198
315,19
316,34
317,2
318,68
319,79
320,181
321,143
322,28
323,42
324,113
325,113
326,160
327,11
328,111
329,177
330,14
331,21
332,28
333,43
334,93
335,87
336,134
337,143
338,53
339,79
340,98
341,137
342,61
343,4
344,39
345,161
346,22
347,148
348,92
349,121
350,22
351,154
352,87
353,19
354,41
355,147
356,22
357,185
358,42
359,127
360,6
361,173
362,23
363,108
364,50
365,1
366,68
367,31
368,24
369,51
370,52
371,67
372,19
373,40
374,72
375,136
376,99
377,31
378,109
379,27
380,42
381,74
382,33
383,77
384,53
385,166
386,135
387,36
388,93
389,42
390,104
391,75
392,162
393,161
394,57
395,42
396,48
397,56
398,17
399,169
400,159
401,39
402,108
403,11
404,155
405,135
406,58
407,46
408,148
409,147
410,5
411,126
412,187
413,31
414,71
415,23
416,121
417,98
418,168
419,100
420,93
421,10
422,138
423,65
424,8
425,194
426,22
427,182
428,33
429,70
430,124
431,73
432,163
433,31
434,27
435,41
436,46
437,95
438,106
439,176
440,66
441,29
442,48
443,131
444,37
445,108
446,17
447,99
448,46
449,43
450,27
451,39
452,54
453,112
454,25
455,113
456,22
457,68
458,106
459,137
460,4
461,181
462,89
463,119
464,27
465,172
466,82
467,67
468,121
469,22
470,28
471,30
472,31
473,43
474,45
475,74
476,74
477,25
478,54
479,35
480,39
481,34
482,44
483,187
484,157
485,135
486,61
487,50
488,18
489,130
490,194
491,141
492,166
493,187
494,156
495,68
496,127
497,78
498,84
499,169
500,40
501,41
502,155
503,70
504,51
505,196
506,71
507,104
508,98
509,110
510,43
511,182
512,58
513,51
514,72
515,12
516,19
517,99
518,83
519,94
520,39
521,144
522,94
523,191
524,81
525,50
526,90
527,6
528,105
529,155
530,74
531,200
532,73
533,27
534,147
535,110
536,106
537,191
538,40
539,83
540,143
541,117
542,3
543,12
544,2
545,118
546,144
547,33
548,12
549,144
550,57
551,26
552,78
553,19
554,111
555,136
556,136
557,143
558,144
559,169
560,104
561,91
562,19
563,64
564,98
565,196
566,107
567,89
568,78
569,72
570,78
571,19
572,11
573,24
574,82
575,112
576,63
577,140
578,91
579,124
580,127
581,29
582,150
583,114
584,101
585,38
586,89
587,64
588,196
589,10
590,24
591,158
592,111
593,22
594,104
595,59
596,9
597,15
598,155
599,60
600,19
601,53
602,12
603,107
604,187
605,29
606,42
607,53
608,191
609,85
610,65
611,90
612,94
613,113
614,148
615,15
616,25
617,173
618,122
619,98
620,50
621,169
622,67
623,152
624,7
625,63
626,128
627,140
628,169
629,187
630,94
631,4
632,35
633,187
634,44
635,60
636,29
637,48
638,134
639,66
640,152
641,40
642,111
643,113
644,163
645,158
646,61
647,17
648,55
649,104
650,22
651,11
652,191
653,168
654,128
655,183
656,176
657,162
658,34
659,119
660,181
661,6
662,88
663,157
664,200
665,34
666,171
667,75
668,53
669,181
670,146
671,29
672,77
673,39
674,92
675,163
676,173
677,171
678,110
679,113
680,136
681,38
682,52
683,19
684,104
685,22
686,19
687,110
688,19
689,161
690,105
691,39
692,83
693,150
694,26
695,119
696,39
697,150
698,38
699,57
700,53
701,4
702,16
703,25
704,98
705,61
706,177
707,29
708,64
709,135
710,119
711,47
712,7
713,83
714,189
715,34
716,43
717,158
718,34
719,121
720,11
721,63
722,40
723,111
724,84
725,39
726,63
727,19
728,95
729,15
730,145
731,103
732,96
733,28
734,39
735,54
736,8
737,31
738,134
739,138
740,104
741,25
742,47
743,102
744,95
745,137
746,74
747,46
748,157
749,5
750,5
751,151
752,169
753,54
754,97
755,127
756,44
757,28
758,36
759,98
760,120
761,76
762,19
763,93
764,18
765,117
766,105
767,113
768,160
769,147
770,15
771,108
772,103
773,29
774,119
775,144
776,1
777,181
778,40
779,156
780,99
781,192
782,164
783,114
784,21
785,120
786,17
787,165
788,187
789,34
790,90
791,108
792,67
793,101
794,1
795,20
796,89
797,5
798,28
799,31
800,159
801,69
802,48
803,176
804,160
805,103
806,42
807,11
808,159
809,110
810,28
811,129
812,119
813,1
814,189
815,171
816,84
817,51
818,42
819,64
820,112
821,9
822,43
823,72
824,78
825,93
826,165
827,96
828,58
829,24
830,187
831,116
832,19
833,80
834,168
835,60
836,101
837,116
838,84
839,114
840,52
841,158
842,6
843,44
844,129
845,147
846,5
847,10
848,93
849,154
850,178
851,72
852,39
853,14
854,125
855,19
856,14
857,29
858,102
859,164
860,42
861,33
862,94
863,7
864,30
865,70
866,33
867,40
868,161
869,103
870,7
871,170
872,90
873,54
874,89
875,27
876,184
877,124
878,63
879,158
880,9
881,124
882,11
883,138
884,65
885,152
886,56
887,19
888,131
889,191
890,13
891,15
892,127
893,138
894,148
895,67
896,115
897,39
898,148
899,19
900,72
901,157
902,43
903,128
904,37
905,118
906,157
907,100
908,19
909,200
910,148
911,58
912,25
913,68
914,192
915,3
916,168
917,5
918,39
919,97
920,44
921,104
922,157
923,39
924,109
925,13
926,78
927,143
928,143
929,58
930,148
931,29
932,25
933,129
934,10
935,96
936,9
937,199
938,169
939,39
940,11
941,194
942,4
943,162
944,170
945,57
946,57
947,78
948,151
949,113
950,163
951,73
952,48
953,38
954,160
955,44
956,6
957,77
958,93
959,114
960,29
961,81
962,72
963,1
964,182
965,55
966,29
967,23
968,129
969,52
970,36
971,103
972,161
973,186
974,155
975,8
976,178
977,171
978,198
979,74
980,117
981,104
982,39
983,47
984,114
985,40
986,6
987,19
988,104
989,47
990,168
991,144
992,44
993,23
994,192
995,96
996,52
997,22
998,37
999,83
1000,10
1001,32
1002,29
1003,25
1004,56
1005,147
1006,57
1007,53
1008,128
1009,41
1010,24
1011,23
1012,21
1013,50
1014,195
1015,122
1016,65
1017,168
1018,23
1019,193
1020,53
1021,144
1022,169
1023,49
1024,144
1025,148
1026,157
1027,182
1028,161
1029,94
1030,28
1031,193
1032,27
1033,128
1034,76
1035,187
1036,25
1037,71
1038,48
1039,30
1040,44
1041,25
1042,28
1043,144
1044,80
1045,129
1046,143
1047,158
1048,93
1049,49
1050,138
1051,161
1052,96
1053,26
1054,132
1055,171
1056,63
1057,79
1058,17
1059,116
1060,37
1061,55
1062,2
1063,36
1064,89
1065,68
1066,80
1067,127
1068,34
1069,96
1070,30
1071,48
1072,184
1073,134
1074,43
1075,118
1076,125
1077,33
1078,79
1079,140
1080,70
1081,57
1082,168
1083,138
1084,101
1085,40
1086,116
1087,66
1088,4
1089,109
1090,144
1091,31
1092,54
1093,76
1094,126
1095,159
1096,56
1097,109
1098,81
1099,116
1100,182
1101,71
1102,32
1103,54
1104,50
1105,16
1106,95
1107,57
1108,15
1109,151
1110,86
1111,10
1112,131
1113,122
1114,74
1115,27
1116,66
1117,150
1118,110
1119,34
1120,173
1121,39
1122,198
1123,116
1124,91
1125,195
1126,127
1127,129
1128,150
1129,157
1130,17
1131,61
1132,160
1133,41
1134,69
1135,65
1136,17
1137,104
1138,118
1139,120
1140,112
1141,25
1142,52
1143,68
1144,131
1145,85
1146,55
1147,10
1148,137
1149,81
1150,132
1151,121
1152,77
1153,83
1154,159
1155,22
1156,92
1157,92
1158,98
1159,7
1160,43
1161,40
1162,167
1163,60
1164,93
1165,23
1166,112
1167,131
1168,60
1169,67
1170,100
1171,156
1172,25
1173,46
1174,19
1175,133
1176,39
1177,124
1178,81
1179,144
1180,148
1181,74
1182,163
1183,114
1184,1
1185,130
1186,141
1187,175
1188,10
1189,138
1190,191
1191,24
1192,83
1193,170
1194,46
1195,156
1196,37
1197,185
1198,5
1199,56
1200,75
1201,163
1202,39
1203,5
1204,69
1205,100
1206,112
1207,99
1208,173
1209,42
1210,53
1211,122
1212,80
1213,182
1214,164
1215,120
1216,80
1217,58
1218,168
1219,90
1220,120
1221,19
1222,109
1223,170
1224,29
1225,62
1226,98
1227,102
1228,94
1229,10
1230,10
1231,25
1232,2
1233,134
1234,39
1235,131
1236,63
1237,115
1238,98
1239,2
1240,13
1241,23
1242,2
1243,108
1244,119
1245,98
1246,19
1247,144
1248,68
1249,116
1250,120
1251,32
1252,114
1253,112
1254,184
1255,108
1256,44
1257,94
1258,13
1259,162
1260,120
1261,140
1262,44
1263,118
1264,151
1265,12
1266,29
1267,199
1268,91
1269,22
1270,132
1271,132
1272,7
1273,120
1274,2
1275,170
1276,7
1277,150
1278,91
1279,186
1280,101
1281,126
1282,1
1283,168
1284,177
1285,15
1286,142
1287,147
1288,40
1289,47
1290,103
1291,1
1292,96
1293,42
1294,47
1295,126
1296,6
1297,59
1298,26
1299,7
1300,22
1301,190
1302,18
1303,7
1304,194
1305,168
1306,1
1307,78
1308,136
1309,25
1310,175
1311,194
1312,6
1313,40
1314,79
1315,120
1316,24
1317,96
1318,161
1319,171
1320,89
1321,127
1322,75
1323,11
1324,188
1325,84
1326,37
1327,106
1328,1
1329,64
1330,132
1331,104
1332,113
1333,189
1334,43
1335,153
1336,37
1337,5
1338,184
1339,137
1340,123
1341,39
1342,2
1343,76
1344,43
1345,199
1346,109
1347,120
1348,2
1349,12
1350,120
1351,163
1352,7
1353,113
1354,128
1355,71
1356,25
1357,41
1358,134
1359,33
1360,187
1361,133
1362,15
1363,46
1364,78
1365,55
1366,74
1367,97
1368,110
1369,102
1370,104
1371,127
1372,94
1373,72
1374,56
1375,75
1376,28
1377,137
1378,6
1379,174
1380,23
1381,189
1382,118
1383,20
1384,81
1385,84
1386,122
1387,26
1388,26
1389,130
1390,127
1391,113
1392,50
1393,66
1394,86
1395,22
1396,142
1397,163
1398,57
1399,99
1400,147
1401,61
1402,79
1403,87
1404,167
1405,122
1406,138
1407,28
1408,129
1409,10
1410,30
1411,185
1412,55
1413,59
1414,101
1415,35
1416,162
1417,85
1418,197
1419,2
1420,31
1421,167
1422,120
1423,13
1424,47
1425,88
1426,56
1427,1
1428,162
1429,46
1430,24
1431,161
1432,27
1433,57
1434,170
1435,198
1436,128
1437,48
1438,57
1439,22
1440,79
1441,144
1442,91
1443,28
1444,162
1445,170
1446,66
1447,115
1448,15
1449,33
1450,60
1451,8
1452,90
1453,120
1454,19
1455,51
1456,48
1457,15
1458,192
1459,1
1460,81
1461,6
1462,34
1463,108
1464,187
1465,31
1466,41
1467,184
1468,192
1469,172
1470,36
1471,66
1472,157
1473,69
1474,150
1475,36
1476,57
1477,51
1478,96
1479,29
1480,60
1481,25
1482,30
1483,52
1484,60
1485,165
1486,114
1487,17
1488,130
1489,61
1490,45
1491,121
1492,155
1493,156
1494,82
1495,118
1496,142
1497,114
1498,115
1499,124
1500,132
1501,31
1502,69
1503,54
1504,34
1505,15
1506,108
1507,114
1508,159
1509,63
1510,87
1511,125
1512,170
1513,127
1514,29
1515,127
1516,122
1517,155
1518,200
1519,150
1520,109
1521,114
1522,92
1523,121
1524,29
1525,45
1526,45
1527,106
1528,127
1529,54
1530,60
1531,109
1532,11
1533,69
1534,169
1535,65
1536,132
1537,108
1538,153
1539,15
1540,56
1541,120
1542,103
1543,129
1544,160
1545,75
1546,39
1547,80
1548,189
1549,148
1550,161
1551,5
1552,82
1553,22
1554,83
1555,28
1556,161
1557,136
1558,134
1559,173
1560,27
1561,124
1562,81
1563,136
1564,58
1565,163
1566,84
1567,141
1568,193
1569,182
1570,14
1571,60
1572,13
1573,8
1574,66
1575,66
1576,22
1577,119
1578,175
1579,11
1580,44
1581,94
1582,39
1583,33
1584,138
1585,174
1586,14
1587,189
1588,160
1589,15
1590,53
1591,45
1592,82
1593,104
1594,40
1595,92
1596,24
1597,118
1598,68
1599,33
1600,18
1601,96
1602,9
1603,30
1604,98
1605,83
1606,108
1607,4
1608,80
1609,14
1610,115
1611,64
1612,159
1613,25
1614,126
1615,83
1616,159
1617,90
1618,82
1619,6
1620,111
1621,147
1622,59
1623,54
1624,103
1625,43
1626,157
1627,130
1628,25
1629,100
1630,127
1631,88
1632,138
1633,99
1634,64
1635,128
1636,76
1637,86
1638,139
1639,47
1640,99
1641,21
1642,195
1643,15
1644,56
1645,104
1646,90
1647,168
1648,2
1649,21
1650,164
1651,175
1652,3
1653,44
1654,140
1655,192
1656,122
1657,100
1658,91
1659,96
1660,118
1661,69
1662,1
1663,63
1664,163
1665,126
1666,35
1667,120
1668,147
1669,35
1670,42
1671,56
1672,29
1673,41
1674,78
1675,36
1676,155
1677,129
1678,5
1679,131
1680,124
1681,111
1682,85
1683,166
1684,114
1685,33
1686,127
1687,25
1688,72
1689,133
1690,34
1691,69
1692,120
1693,1
1694,33
1695,131
1696,134
1697,121
1698,33
1699,64
1700,56
1701,4
1702,90
1703,35
1704,42
1705,15
1706,134
1707,51
1708,58
1709,161
1710,138
1711,29
1712,184
1713,11
1714,45
1715,102
1716,93
1717,14
1718,54
1719,11
1720,42
1721,40
1722,163
1723,77
1724,181
1725,166
1726,34
1727,137
1728,39
1729,40
1730,114
1731,9
1732,47
1733,37
1734,147
1735,56
1736,37
1737,11
1738,145
1739,41
1740,22
1741,77
1742,75
1743,188
1744,36
1745,181
1746,91
1747,31
1748,66
1749,93
1750,65
1751,173
1752,156
1753,22
1754,132
1755,80
1756,36
1757,104
1758,129
1759,150
1760,144
1761,15
1762,161
1763,144
1764,47
1765,127
1766,144
1767,172
1768,119
1769,194
1770,45
1771,153
1772,157
1773,88
1774,152
1775,127
1776,77
1777,80
1778,33
1779,199
1780,160
1781,112
1782,97
1783,37
1784,44
1785,11
1786,144
1787,123
1788,82
1789,55
1790,17
1791,148
1792,130
1793,127
1794,134
1795,128
1796,108
1797,72
1798,97
1799,19
1800,57
1801,97
1802,33
1803,165
1804,157
1805,122
1806,37
1807,21
1808,192
1809,2
1810,74
1811,184
1812,63
1813,64
1814,165
1815,155
1816,18
1817,148
1818,116
1819,78
1820,185
1821,58
1822,24
1823,38
1824,36
1825,96
1826,14
1827,35
1828,102
1829,122
1830,37
1831,187
1832,14
1833,171
1834,55
1835,50
1836,31
1837,103
1838,100
1839,32
1840,79
1841,38
1842,131
1843,158
1844,39
1845,19
1846,29
1847,27
1848,3
1849,145
1850,99
1851,81
1852,115
1853,60
1854,104
1855,105
1856,99
1857,57
1858,193
1859,85
1860,126
1861,22
1862,46
1863,110
1864,83
1865,41
1866,108
1867,68
1868,140
1869,46
1870,162
1871,69
1872,73
1873,118
1874,117
1875,74
1876,32
1877,120
1878,67
1879,29
1880,127
1881,107
1882,160
1883,139
1884,186
1885,37
1886,105
1887,47
1888,88
1889,22
1890,149
1891,140
1892,3
1893,28
1894,144
1895,157
1896,124
1897,120
1898,90
1899,35
1900,34
1901,3
1902,76
1903,58
1904,9
1905,76
1906,158
1907,11
1908,122
1909,2
1910,140
1911,13
1912,126
1913,119
1914,137
1915,90
1916,91
1917,63
1918,19
1919,16
1920,26
1921,181
1922,42
1923,108
1924,39
1925,69
1926,131
1927,33
1928,11
1929,51
1930,17
1931,51
1932,63
1933,49
1934,64
1935,60
1936,198
1937,139
1938,16
1939,108
1940,84
1941,43
1942,55
1943,15
1944,10
1945,185
1946,124
1947,120
1948,9
1949,42
1950,81
1951,99
1952,27
1953,85
1954,135
1955,95
1956,100
1957,138
1958,161
1959,6
1960,57
1961,108
1962,123
1963,49
1964,85
1965,110
1966,140
1967,82
1968,182
1969,182
1970,38
1971,22
1972,63
1973,131
1974,33
1975,147
1976,106
1977,78
1978,34
1979,168
1980,79
1981,59
1982,24
1983,100
1984,114
1985,14
1986,110
1987,160
1988,21
1989,26
1990,98
1991,76
1992,185
1993,153
1994,124
1995,47
1996,10
1997,93
1998,184
1999,89
2000,50
2001,58
2002,65
2003,67
2004,127
2005,2
2006,53
2007,36
2008,104
2009,160
2010,175
2011,87
2012,148
2013,11
2014,66
2015,8
2016,64
2017,50
2018,3
2019,101
2020,56
2021,45
2022,66
2023,4
2024,110
2025,161
2026,38
2027,153
2028,120
2029,164
2030,150
2031,97
2032,78
2033,83
2034,200
2035,107
2036,61
2037,188
2038,121
2039,17
2040,3
2041,144
2042,120
2043,66
2044,175
2045,35
2046,79
2047,73
2048,15
2049,192
2050,82
2051,82
2052,136
2053,16
2054,122
2055,41
2056,87
2057,29
2058,186
2059,77
2060,84
2061,12
2062,67
2063,132
2064,120
2065,35
2066,43
2067,181
2068,154
2069,159
2070,189
2071,18
2072,152
2073,13
2074,157
2075,56
2076,22
2077,77
2078,38
2079,34
2080,10
2081,35
2082,169
2083,108
2084,153
2085,38
2086,118
2087,45
2088,84
2089,50
2090,21
2091,90
2092,70
2093,52
2094,19
2095,20
2096,45
2097,150
2098,47
2099,194
2100,131
2101,39
2102,78
2103,148
2104,52
2105,71
2106,129
2107,39
2108,126
2109,108
2110,44
2111,91
2112,45
2113,185
2114,140
2115,67
2116,119
2117,57
2118,70
2119,157
2120,155
2121,131
2122,35
2123,47
2124,10
2125,106
2126,48
2127,175
2128,104
2129,11
2130,188
2131,39
2132,58
2133,2
2134,51
2135,7
2136,89
2137,63
2138,34
2139,108
2140,118
2141,66
2142,173
2143,161
2144,43
2145,154
2146,55
2147,33
2148,57
2149,75
2150,60
2151,136
2152,88
2153,4
2154,107
2155,36
2156,10
2157,22
2158,29
2159,2
2160,23
2161,139
2162,80
2163,29
2164,156
2165,152
2166,92
2167,26
2168,140
2169,195
2170,23
2171,27
2172,99
2173,177
2174,180
2175,39
2176,13
2177,104
2178,4
2179,86
2180,1
2181,137
2182,118
2183,47
2184,52
2185,131
2186,101
2187,110
2188,17
2189,160
2190,26
2191,31
2192,9
2193,42
2194,168
2195,128
2196,98
2197,104
2198,178
2199,132
2200,151
2201,15
2202,50
2203,85
2204,77
2205,97
2206,41
2207,103
2208,199
2209,138
2210,149
2211,6
2212,151
2213,88
2214,120
2215,35
2216,141
2217,22
2218,22
2219,164
2220,4
2221,191
2222,100
2223,65
2224,133
2225,28
2226,56
2227,131
2228,72
2229,131
2230,125
2231,72
2232,37
2233,40
2234,87
2235,36
2236,52
2237,1
2238,66
2239,127
2240,188
2241,101
2242,33
2243,103
2244,17
2245,22
2246,185
2247,13
2248,88
2249,109
2250,156
2251,103
2252,127
2253,106
2254,96
2255,12
2256,152
2257,47
2258,94
2259,157
2260,90
2261,109
2262,157
2263,101
2264,66
2265,94
2266,144
2267,10
2268,114
2269,7
2270,56
2271,68
2272,195
2273,180
2274,24
2275,15
2276,113
2277,141
2278,56
2279,19
2280,114
2281,139
2282,69
2283,8
2284,71
2285,48
2286,125
2287,85
2288,133
2289,15
2290,198
2291,123
2292,147
2293,55
2294,29
2295,104
2296,1
2297,143
2298,159
2299,70
2300,187
2301,117
2302,154
2303,76
2304,16
2305,86
2306,93
2307,17
2308,87
2309,10
2310,94
2311,36
2312,78
2313,39
2314,75
2315,67
2316,87
2317,114
2318,160
2319,37
2320,157
2321,66
2322,113
2323,110
2324,182
2325,157
2326,192
2327,92
2328,131
2329,28
2330,89
2331,170
2332,33
2333,4
2334,87
2335,87
2336,18
2337,189
2338,102
2339,134
2340,176
2341,126
2342,159
2343,159
2344,41
2345,104
2346,88
2347,58
2348,37
2349,64
2350,20
2351,9
2352,86
2353,91
2354,157
2355,64
2356,111
2357,51
2358,128
2359,22
2360,166
2361,144
2362,162
2363,191
2364,177
2365,196
2366,81
2367,82
2368,58
2369,81
2370,119
2371,37
2372,54
2373,103
2374,66
2375,29
2376,114
2377,26
2378,171
2379,18
2380,4
2381,160
2382,94
2383,92
2384,53
2385,127
2386,182
2387,64
2388,13
2389,71
2390,28
2391,110
2392,150
2393,6
2394,70
2395,67
2396,182
2397,166
2398,51
2399,86
2400,160
2401,132
2402,25
2403,124
2404,36
2405,131
2406,150
2407,96
2408,14
2409,161
2410,79
2411,55
2412,11
2413,161
2414,4
2415,55
2416,8
2417,60
2418,11
2419,58
2420,93
2421,16
2422,43
2423,25
2424,19
2425,134
2426,57
2427,50
2428,181
2429,26
2430,104
2431,94
2432,39
2433,40
2434,153
2435,47
2436,171
2437,190
2438,105
2439,119
2440,21
2441,11
2442,95
2443,51
2444,172
2445,18
2446,189
2447,73
2448,194
2449,40
2450,66
2451,57
2452,64
2453,163
2454,25
2455,152
2456,157
2457,191
2458,51
2459,66
2460,76
2461,82
2462,187
2463,56
2464,14
2465,83
2466,162
2467,185
2468,120
2469,66
2470,38
2471,72
2472,119
2473,162
2474,25
2475,168
2476,140
2477,102
2478,78
2479,85
2480,128
2481,192
2482,47
2483,19
2484,44
2485,16
2486,165
2487,99
2488,101
2489,50
2490,149
2491,182
2492,40
2493,37
2494,12
2495,80
2496,15
2497,22
2498,159
2499,157
2500,196
2501,132
2502,86
2503,190
2504,58
2505,80
2506,25
2507,30
2508,30
2509,144
2510,149
2511,1
2512,169
2513,18
2514,140
2515,105
2516,79
2517,26
2518,112
2519,147
2520,154
2521,24
2522,120
2523,9
2524,23
2525,75
2526,117
2527,115
2528,172
2529,96
2530,127
2531,39
2532,161
2533,92
2534,121
2535,83
2536,155
2537,74
2538,57
2539,128
2540,69
2541,93
2542,5
2543,124
2544,160
2545,144
2546,88
2547,6
2548,173
2549,151
2550,181
2551,56
2552,173
2553,56
2554,122
2555,74
2556,171
2557,64
2558,103
2559,36
2560,111
2561,21
2562,191
2563,41
2564,160
2565,28
2566,56
2567,123
2568,44
2569,86
2570,89
2571,80
2572,177
2573,84
2574,169
2575,98
2576,183
2577,22
2578,147
2579,35
2580,106
2581,20
2582,22
2583,86
2584,67
2585,2
2586,47
2587,166
2588,3
2589,79
2590,183
2591,74
2592,13
2593,29
2594,127
2595,119
2596,163
2597,177
2598,196
2599,5
2600,72
2601,168
2602,137
2603,2
2604,195
2605,43
2606,8
2607,159
2608,163
2609,119
2610,152
2611,144
2612,6
2613,138
2614,72
2615,153
2616,82
2617,27
2618,33
2619,57
2620,14
2621,166
2622,58
2623,19
2624,63
2625,104
2626,56
2627,27
2628,138
2629,93
2630,28
2631,33
2632,85
2633,4
2634,98
2635,95
2636,57
2637,55
2638,134
2639,154
2640,35
2641,40
2642,33
2643,78
2644,173
2645,144
2646,196
2647,12
2648,81
2649,155
2650,69
2651,68
2652,29
2653,64
2654,63
2655,148
2656,151
2657,163
2658,39
2659,106
2660,76
2661,7
2662,194
2663,85
2664,90
2665,85
2666,188
2667,112
2668,18
2669,124
2670,61
2671,37
2672,85
2673,19
2674,144
2675,151
2676,18
2677,21
2678,147
2679,74
2680,61
2681,27
2682,93
2683,74
2684,96
2685,138
2686,160
2687,59
2688,116
2689,157
2690,20
2691,170
2692,70
2693,141
2694,56
2695,136
2696,51
2697,102
2698,56
2699,71
2700,114
2701,77
2702,65
2703,16
2704,159
2705,104
2706,96
2707,162
2708,144
2709,101
2710,189
2711,40
2712,186
2713,12
2714,41
2715,52
2716,195
2717,81
2718,50
2719,187
2720,81
2721,167
2722,88
2723,13
2724,82
2725,57
2726,170
2727,119
2728,13
2729,144
2730,119
2731,34
2732,70
2733,141
2734,31
2735,68
2736,14
2737,104
2738,147
2739,94
2740,79
2741,99
2742,36
2743,104
2744,87
2745,21
2746,35
2747,87
2748,69
2749,104
2750,54
2751,186
2752,150
2753,87
2754,187
2755,132
2756,113
2757,96
2758,195
2759,170
2760,82
2761,6
2762,159
2763,54
2764,22
2765,120
2766,67
2767,119
2768,79
2769,167
2770,103
2771,47
2772,53
2773,124
2774,152
2775,71
2776,30
2777,186
2778,172
2779,112
2780,53
2781,99
2782,81
2783,137
2784,24
2785,93
2786,191
2787,36
2788,181
2789,70
2790,29
2791,31
2792,108
2793,160
2794,112
2795,15
2796,166
2797,168
2798,39
2799,77
2800,138
2801,25
2802,11
2803,100
2804,19
2805,22
2806,25
2807,120
2808,58
2809,54
2810,4
2811,92
2812,25
2813,50
2814,101
2815,66
2816,160
2817,4
2818,136
2819,173
2820,15
2821,56
2822,80
2823,33
2824,75
2825,17
2826,16
2827,5
2828,81
2829,120
2830,78
2831,60
2832,37
2833,56
2834,68
2835,120
2836,171
2837,145
2838,91
2839,175
2840,166
2841,73
2842,144
2843,47
2844,124
2845,187
2846,196
2847,53
2848,110
2849,70
2850,189
2851,184
2852,50
2853,9
2854,189
2855,37
2856,160
2857,101
2858,185
2859,168
2860,29
2861,11
2862,56
2863,20
2864,22
2865,129
2866,34
2867,44
2868,120
2869,200
2870,108
2871,72
2872,63
2873,151
2874,131
2875,29
2876,161
2877,163
2878,39
2879,106
2880,75
2881,103
2882,185
2883,106
2884,118
2885,120
2886,5
2887,60
2888,193
2889,108
2890,58
2891,112
2892,29
2893,61
2894,151
2895,102
2896,25
2897,147
2898,163
2899,68
2900,187
2901,31
2902,56
2903,115
2904,47
2905,127
2906,168
2907,65
2908,68
2909,186
2910,185
2911,74
2912,57
2913,84
2914,37
2915,133
2916,52
2917,8
2918,173
2919,97
2920,29
2921,103
2922,21
2923,102
2924,123
2925,32
2926,111
2927,109
2928,104
2929,120
2930,32
2931,115
2932,44
2933,200
2934,181
2935,64
2936,188
2937,16
2938,120
2939,61
2940,101
2941,37
2942,114
2943,113
2944,37
2945,125
2946,93
2947,147
2948,101
2949,36
2950,62
2951,1
2952,101
2953,182
2954,95
2955,170
2956,161
2957,21
2958,150
2959,195
2960,80
2961,116
2962,127
2963,46
2964,171
2965,97
2966,167
2967,49
2968,141
2969,57
2970,160
2971,50
2972,128
2973,168
2974,12
2975,11
2976,26
2977,98
2978,161
2979,19
2980,89
2981,8
2982,76
2983,106
2984,184
2985,29
2986,50
2987,120
2988,81
2989,48
2990,30
2991,109
2992,58
2993,7
2994,175
2995,98
2996,65
2997,153
2998,104
2999,16
3000,9
3001,69
3002,19
3003,18
3004,40
3005,75
3006,162
3007,33
3008,31
3009,57
3010,53
3011,77
3012,20
3013,14
3014,136
3015,73
3016,178
3017,71
3018,83
3019,126
3020,96
3021,170
3022,99
3023,43
3024,55
3025,153
3026,22
3027,44
3028,24
3029,170
3030,142
3031,129
3032,97
3033,89
3034,125
3035,127
3036,169
3037,91
3038,24
3039,99
3040,121
3041,22
3042,15
3043,119
3044,147
3045,161
3046,121
3047,2
3048,36
3049,147
3050,59
3051,155
3052,131
3053,127
3054,181
3055,50
3056,120
3057,198
3058,50
3059,103
3060,97
3061,70
3062,150
3063,98
3064,135
3065,107
3066,19
3067,97
3068,21
3069,124
3070,4
3071,99
3072,135
3073,37
3074,112
3075,44
3076,162
3077,2
3078,85
3079,29
3080,129
3081,104
3082,124
3083,10
3084,168
3085,189
3086,125
3087,29
3088,104
3089,36
3090,82
3091,103
3092,92
3093,48
3094,127
3095,12
3096,65
3097,159
3098,133
3099,134
3100,77
3101,6
3102,127
3103,58
3104,42
3105,118
3106,132
3107,145
3108,12
3109,10
3110,155
3111,80
3112,40
3113,159
3114,138
3115,31
3116,167
3117,10
3118,128
3119,102
3120,117
3121,104
3122,36
3123,128
3124,130
3125,73
3126,27
3127,59
3128,79
3129,51
3130,52
3131,160
3132,71
3133,66
3134,50
3135,102
3136,3
3137,102
3138,88
3139,151
3140,61
3141,99
3142,122
3143,150
3144,34
3145,23
3146,140
3147,29
3148,113
3149,77
3150,116
3151,11
3152,31
3153,184
3154,18
3155,160
3156,18
3157,198
3158,29
3159,79
3160,31
3161,67
3162,103
3163,1
3164,99
3165,72
3166,20
3167,37
3168,101
3169,161
3170,44
3171,37
3172,200
3173,193
3174,153
3175,14
3176,25
3177,27
3178,200
3179,172
3180,64
3181,76
3182,125
3183,134
3184,45
3185,2
3186,181
3187,14
3188,106
3189,2
3190,16
3191,199
3192,180
3193,98
3194,108
3195,118
3196,140
3197,92
3198,6
3199,42
3200,18
3201,19
3202,195
3203,57
3204,167
3205,136
3206,102
3207,81
3208,165
3209,24
3210,159
3211,129
3212,102
3213,170
3214,29
3215,92
3216,98
3217,32
3218,92
3219,70
3220,182
3221,71
3222,113
3223,68
3224,19
3225,181
3226,171
3227,144
3228,187
3229,128
3230,163
3231,54
3232,43
3233,31
3234,136
3235,156
3236,43
3237,124
3238,28
3239,9
3240,45
3241,110
3242,65
3243,33
3244,88
3245,102
3246,19
3247,144
3248,147
3249,25
3250,68
3251,101
3252,22
3253,105
3254,156
3255,170
3256,39
3257,36
3258,134
3259,33
3260,43
3261,157
3262,54
3263,57
3264,119
3265,3
3266,66
3267,66
3268,157
3269,11
3270,88
3271,135
3272,25
3273,46
3274,81
3275,184
3276,104
3277,78
3278,111
3279,52
3280,42
3281,22
3282,189
3283,134
3284,21
3285,27
3286,125
3287,48
3288,187
3289,139
3290,120
3291,171
3292,66
3293,173
3294,29
3295,88
3296,45
3297,75
3298,98
3299,84
3300,100
3301,176
3302,66
3303,155
3304,39
3305,48
3306,152
3307,164
3308,66
3309,30
3310,50
3311,27
3312,45
3313,162
3314,83
3315,10
3316,60
3317,88
3318,25
3319,189
3320,70
3321,2
3322,44
3323,159
3324,56
3325,74
3326,165
3327,60
3328,33
3329,73
3330,7
3331,35
3332,26
3333,11
3334,93
3335,71
3336,200
3337,32
3338,181
3339,37
3340,121
3341,187
3342,104
3343,36
3344,164
3345,6
3346,21
3347,92
3348,148
3349,41
3350,50
3351,138
3352,41
3353,141
3354,72
3355,42
3356,43
3357,111
3358,92
3359,199
3360,41
3361,160
3362,144
3363,79
3364,55
3365,157
3366,178
3367,81
3368,91
3369,100
3370,7
3371,175
3372,67
3373,66
3374,168
3375,24
3376,67
3377,39
3378,175
3379,122
3380,10
3381,44
3382,152
3383,42
3384,141
3385,128
3386,128
3387,178
3388,42
3389,168
3390,43
3391,93
3392,99
3393,171
3394,33
3395,129
3396,43
3397,162
3398,11
3399,97
3400,80
3401,173
3402,147
3403,100
3404,127
3405,29
3406,161
3407,193
3408,31
3409,39
3410,78
3411,120
3412,106
3413,168
3414,18
3415,14
3416,141
3417,144
3418,187
3419,10
3420,79
3421,66
3422,119
3423,56
3424,19
3425,57
3426,144
3427,185
3428,69
3429,26
3430,46
3431,93
3432,108
3433,86
3434,74
3435,160
3436,147
3437,114
3438,2
3439,22
3440,147
3441,135
3442,95
3443,166
3444,141
3445,151
3446,120
3447,194
3448,91
3449,4
3450,11
3451,44
3452,148
3453,127
3454,124
3455,61
3456,19
3457,108
3458,175
3459,40
3460,66
3461,119
3462,184
3463,119
3464,13
3465,104
3466,80
3467,21
3468,182
3469,131
3470,47
3471,15
3472,135
3473,144
3474,104
3475,45
3476,154
3477,120
3478,133
3479,141
3480,198
3481,21
3482,116
3483,51
3484,132
3485,138
3486,189
3487,103
3488,119
3489,77
3490,99
3491,77
3492,183
3493,9
3494,107
3495,47
3496,89
3497,127
3498,95
3499,192
3500,198
3501,100
3502,156
3503,103
3504,92
3505,46
3506,127
3507,4
3508,173
3509,68
3510,21
3511,144
3512,39
3513,111
3514,144
3515,10
3516,151
3517,72
3518,37
3519,196
3520,157
3521,91
3522,47
3523,175
3524,38
3525,104
3526,114
3527,66
3528,11
3529,95
3530,54
3531,127
3532,16
3533,96
3534,64
3535,117
3536,186
3537,10
3538,102
3539,151
3540,131
3541,55
3542,140
3543,90
3544,114
3545,140
3546,24
3547,178
3548,127
3549,42
3550,24
3551,103
3552,12
3553,96
3554,191
3555,31
3556,70
3557,70
3558,168
3559,100
3560,22
3561,99
3562,186
3563,168
3564,114
3565,22
3566,100
3567,11
3568,138
3569,20
3570,128
3571,119
3572,102
3573,61
3574,2
3575,24
3576,36
3577,67
3578,127
3579,114
3580,32
3581,193
3582,70
3583,17
3584,44
3585,8
3586,2
3587,69
3588,9
3589,136
3590,56
3591,13
3592,104
3593,157
3594,99
3595,146
3596,58
3597,141
3598,162
3599,166
3600,30
3601,5
3602,28
3603,47
3604,34
3605,134
3606,129
3607,48
3608,36
3609,165
3610,61
3611,19
3612,28
3613,173
3614,182
3615,127
3616,10
3617,181
3618,3
3619,75
3620,7
3621,175
3622,98
3623,155
3624,8
3625,55
3626,124
3627,106
3628,122
3629,22
3630,55
3631,77
3632,99
3633,140
3634,160
3635,188
3636,144
3637,20
3638,128
3639,131
3640,80
3641,78
3642,11
3643,173
3644,175
3645,161
3646,48
3647,93
3648,52
3649,185
3650,100
3651,159
3652,66
3653,24
3654,161
3655,84
3656,55
3657,12
3658,141
3659,163
3660,76
3661,45
3662,16
3663,160
3664,94
3665,89
3666,4
3667,88
3668,119
3669,125
3670,17
3671,118
3672,117
3673,57
3674,47
3675,98
3676,1
3677,8
3678,77
3679,45
3680,47
3681,129
3682,132
3683,155
3684,73
3685,182
3686,89
3687,39
3688,43
3689,196
3690,177
3691,33
3692,25
3693,88
3694,25
3695,2
3696,152
3697,76
3698,43
3699,15
3700,82
3701,21
3702,5
3703,110
3704,144
3705,140
3706,60
3707,53
3708,140
3709,112
3710,55
3711,99
3712,71
3713,189
3714,18
3715,138
3716,124
3717,82
3718,95
3719,4
3720,42
3721,146
3722,155
3723,32
3724,22
3725,108
3726,26
3727,88
3728,16
3729,52
3730,22
3731,91
3732,99
3733,37
3734,48
3735,128
3736,155
3737,168
3738,196
3739,185
3740,155
3741,155
3742,144
3743,191
3744,127
3745,145
3746,24
3747,164
3748,13
3749,185
3750,63
3751,106
3752,127
3753,69
3754,40
3755,120
3756,119
3757,113
3758,79
3759,99
3760,104
3761,140
3762,138
3763,144
3764,91
3765,87
3766,160
3767,25
3768,114
3769,144
3770,145
3771,79
3772,131
3773,1
3774,127
3775,68
3776,81
3777,136
3778,35
3779,182
3780,19
3781,1
3782,123
3783,79
3784,154
3785,160
3786,15
3787,48
3788,76
3789,14
3790,67
3791,4
3792,141
3793,65
3794,140
3795,110
3796,133
3797,184
3798,112
3799,46
3800,49
3801,160
3802,63
3803,104
3804,25
3805,112
3806,90
3807,124
3808,25
3809,40
3810,26
3811,47
3812,69
3813,104
3814,77
3815,82
3816,143
3817,161
3818,186
3819,42
3820,67
3821,171
3822,144
3823,72
3824,112
3825,112
3826,95
3827,165
3828,168
3829,132
3830,169
3831,179
3832,43
3833,63
3834,4
3835,138
3836,144
3837,110
3838,97
3839,120
3840,74
3841,25
3842,122
3843,93
3844,1
3845,78
3846,161
3847,24
3848,7
3849,199
3850,146
3851,163
3852,154
3853,6
3854,139
3855,2
3856,96
3857,52
3858,3
3859,144
3860,128
3861,157
3862,169
3863,119
3864,105
3865,114
3866,93
3867,78
3868,36
3869,3
3870,45
3871,27
3872,19
3873,108
3874,161
3875,77
3876,64
3877,194
3878,54
3879,33
3880,119
3881,40
3882,53
3883,144
3884,88
3885,79
3886,13
3887,83
3888,181
3889,90
3890,132
3891,39
3892,71
3893,47
3894,96
3895,22
3896,109
3897,50
3898,64
3899,168
3900,8
3901,192
3902,104
3903,65
3904,45
3905,35
3906,22
3907,129
3908,43
3909,1
3910,29
3911,77
3912,32
3913,3
3914,56
3915,14
3916,104
3917,22
3918,163
3919,182
3920,166
3921,86
3922,113
3923,44
3924,145
3925,22
3926,72
3927,123
3928,16
3929,155
3930,4
3931,50
3932,74
3933,183
3934,148
3935,179
3936,28
3937,19
3938,41
3939,158
3940,182
3941,66
3942,136
3943,157
3944,75
3945,47
3946,86
3947,135
3948,103
3949,157
3950,129
3951,7
3952,102
3953,132
3954,144
3955,185
3956,2
3957,9
3958,53
3959,160
3960,183
3961,138
3962,133
3963,26
3964,116
3965,162
3966,123
3967,144
3968,88
3969,161
3970,120
3971,86
3972,73
3973,36
3974,187
3975,170
3976,127
3977,48
3978,17
3979,164
3980,112
3981,42
3982,1
3983,185
3984,17
3985,7
3986,55
3987,68
3988,157
3989,44
3990,21
3991,31
3992,150
3993,171
3994,102
3995,129
3996,160
3997,98
3998,135
3999,60
4000,111
1,43
2,18
3,74
4,139
5,73
6,77
7,94
8,63
9,75
10,18
11,84
12,77
13,106
14,97
15,61
16,45
17,125
18,104
19,37
20,30
21,144
22,12
23,93
24,168
25,25
26,61
27,26
28,68
29,18
30,88
31,23
32,76
33,90
34,27
35,89
36,88
37,18
38,14
39,77
40,54
41,27
42,37
43,123
44,3
45,170
46,123
47,73
48,27
49,79
50,13
51,37
52,27
53,90
54,70
55,132
56,25
57,68
58,139
59,16
60,27
61,124
62,14
63,33
64,114
65,28
66,47
67,61
68,28
69,96
70,88
71,39
72,47
73,69
74,31
75,93
76,47
77,63
78,28
79,68
80,33
81,33
82,44
83,47
84,55
85,88
86,85
87,12
88,54
89,163
90,163
91,47
92,37
93,77
94,55
95,90
96,158
97,90
98,168
99,136
100,27
101,61
102,55
103,94
104,3
105,90
106,147
107,16
108,57
109,24
110,133
111,10
112,99
113,4
114,37
115,32
116,90
117,90
118,18
119,25
120,151
121,123
122,14
123,120
124,61
125,42
126,43
127,31
128,145
129,24
130,16
131,36
132,106
133,143
134,90
135,69
136,104
137,93
138,44
139,61
140,27
141,104
142,162
143,18
144,47
145,100
146,88
147,27
148,14
149,20
150,55
151,18
152,101
153,34
154,93
155,13
156,5
157,156
158,21
159,63
160,122
161,100
162,4
163,187
164,117
165,119
166,75
167,125
168,96
169,104
170,54
171,37
172,16
173,16
174,44
175,37
176,33
177,161
178,38
179,31
180,104
181,177
182,37
183,5
184,27
185,77
186,173
187,124
188,74
189,27
190,179
191,33
192,48
193,76
194,37
195,95
196,36
197,34
198,95
199,125
200,4
201,97
202,89
203,33
204,54
205,33
206,37
207,93
208,106
209,4
210,182
211,68
212,14
213,77
214,70
215,28
216,62
217,42
218,24
219,120
220,90
221,120
222,27
223,34
224,37
225,16
226,33
227,62
228,123
229,98
230,34
231,34
232,53
233,28
234,69
235,4
236,13
237,104
238,35
239,63
240,96
241,28
242,143
243,151
244,18
245,57
246,199
247,143
248,89
249,26
250,18
251,57
252,5
253,29
254,90
255,57
256,177
257,120
258,37
259,57
260,76
261,37
262,57
263,31
264,90
265,61
266,18
267,161
268,34
269,51
270,12
271,90
272,34
273,61
274,28
275,54
276,138
277,60
278,34
279,168
280,55
281,119
282,89
283,37
284,89
285,25
286,26
287,46
288,4
289,68
290,88
291,2
292,125
293,59
294,170
295,179
296,90
297,199
298,132
299,93
300,163
301,40
302,37
303,109
304,163
305,143
306,124
307,24
308,27
309,4
310,37
311,58
312,2
313,124
314,27
315,28
316,18
317,40
318,90
319,4
320,18
321,60
322,36
323,55
324,119
325,37
326,90
327,31
328,25
329,96
330,14
331,77
332,31
333,163
334,14
335,27
336,14
337,50
338,45
339,165
340,98
341,87
342,23
343,30
344,199
345,96
346,132
347,158
348,13
349,119
350,37
351,69
352,34
353,13
354,9
355,24
356,125
357,46
358,12
359,13
360,61
361,156
362,25
363,61
364,51
365,90
366,27
367,165
368,5
369,8
370,119
371,61
372,4
373,40
374,62
375,87
376,31
377,199
378,132
379,27
380,182
381,73
382,39
383,77
384,90
385,88
386,101
387,158
388,40
389,42
390,34
391,16
392,162
393,42
394,4
395,182
396,21
397,34
398,17
399,169
400,37
401,33
402,29
403,163
404,33
405,90
406,24
407,59
408,168
409,76
410,5
411,119
412,25
413,33
414,165
415,25
416,33
417,97
418,35
419,9
420,26
421,12
422,70
423,145
424,165
425,90
426,33
427,96
428,4
429,14
430,119
431,14
432,17
433,76
434,30
435,158
436,45
437,162
438,42
439,47
440,27
441,27
442,18
443,37
444,28
445,30
446,17
447,124
448,76
449,20
450,27
451,92
452,14
453,90
454,83
455,123
456,18
457,97
458,21
459,34
460,21
461,55
462,68
463,36
464,134
465,96
466,20
467,43
468,36
469,18
470,120
471,30
472,18
473,69
474,34
475,54
476,73
477,54
478,54
479,88
480,120
481,91
482,90
483,4
484,77
485,28
486,61
487,44
488,199
489,28
490,18
491,90
492,68
493,97
494,156
495,68
496,120
497,85
498,187
499,169
500,94
501,52
502,46
503,14
504,86
505,37
506,136
507,125
508,95
509,125
510,76
511,182
512,25
513,40
514,18
515,12
516,93
517,179
518,187
519,74
520,33
521,50
522,21
523,42
524,76
525,46
526,46
527,63
528,125
529,119
530,14
531,162
532,74
533,27
534,136
535,37
536,29
537,165
538,40
539,18
540,46
541,77
542,45
543,139
544,2
545,33
546,141
547,18
548,47
549,25
550,27
551,37
552,34
553,18
554,40
555,90
556,97
557,90
558,94
559,47
560,120
561,164
562,54
563,143
564,95
565,119
566,29
567,73
568,34
569,40
570,165
571,33
572,168
573,61
574,37
575,104
576,3
577,55
578,30
579,37
580,93
581,27
582,27
583,18
584,90
585,137
586,89
587,37
588,68
589,109
590,10
591,28
592,13
593,68
594,100
595,4
596,36
597,136
598,179
599,40
600,165
601,50
602,12
603,4
604,132
605,32
606,17
607,30
608,26
609,28
610,45
611,90
612,28
613,37
614,83
615,75
616,24
617,158
618,28
619,162
620,145
621,169
622,44
623,97
624,7
625,63
626,28
627,95
628,97
629,30
630,14
631,26
632,120
633,29
634,57
635,40
636,27
637,158
638,134
639,9
640,33
641,100
642,76
643,37
644,88
645,69
646,93
647,163
648,21
649,46
650,33
651,12
652,10
653,163
654,37
655,43
656,168
657,171
658,133
659,156
660,35
661,68
662,163
663,77
664,55
665,39
666,158
667,68
668,90
669,158
670,50
671,25
672,55
673,28
674,87
675,182
676,18
677,54
678,37
679,37
680,13
681,170
682,48
683,27
684,79
685,93
686,90
687,4
688,27
689,42
690,37
691,143
692,14
693,94
694,13
695,99
696,39
697,37
698,39
699,97
700,151
701,27
702,17
703,27
704,88
705,4
706,182
707,29
708,141
709,23
710,163
711,96
712,187
713,134
714,50
715,18
716,161
717,97
718,137
719,13
720,55
721,55
722,165
723,13
724,50
725,39
726,3
727,28
728,95
729,15
730,90
731,94
732,17
733,61
734,28
735,134
736,46
737,47
738,14
739,75
740,37
741,12
742,96
743,151
744,182
745,77
746,87
747,93
748,18
749,61
750,5
751,18
752,42
753,14
754,57
755,173
756,5
757,61
758,43
759,98
760,34
761,56
762,18
763,26
764,140
765,158
766,4
767,132
768,75
769,28
770,14
771,29
772,36
773,30
774,92
775,141
776,51
777,179
778,104
779,28
780,125
781,57
782,199
783,76
784,13
785,151
786,177
787,90
788,114
789,57
790,77
791,90
792,37
793,55
794,24
795,47
796,90
797,12
798,13
799,38
800,13
801,77
802,55
803,55
804,4
805,24
806,42
807,27
808,36
809,125
810,31
811,132
812,28
813,3
814,33
815,55
816,28
817,17
818,33
819,61
820,57
821,30
822,39
823,90
824,68
825,61
826,5
827,182
828,29
829,7
830,151
831,76
832,4
833,31
834,163
835,63
836,100
837,92
838,168
839,37
840,90
841,57
842,76
843,9
844,28
845,143
846,5
847,27
848,26
849,31
850,22
851,24
852,50
853,14
854,156
855,33
856,14
857,30
858,37
859,164
860,88
861,37
862,28
863,61
864,27
865,70
866,69
867,51
868,182
869,13
870,106
871,18
872,90
873,14
874,29
875,4
876,40
877,37
878,45
879,158
880,29
881,173
882,24
883,90
884,76
885,77
886,41
887,22
888,37
889,12
890,26
891,137
892,121
893,114
894,93
895,93
896,67
897,18
898,87
899,4
900,90
901,88
902,77
903,37
904,37
905,187
906,179
907,40
908,24
909,42
910,153
911,89
912,87
913,162
914,5
915,33
916,27
917,10
918,13
919,57
920,93
921,76
922,77
923,68
924,95
925,27
926,165
927,46
928,50
929,24
930,36
931,9
932,14
933,43
934,26
935,96
936,27
937,37
938,162
939,37
940,44
941,46
942,106
943,77
944,96
945,28
946,57
947,159
948,158
949,31
950,182
951,74
952,37
953,18
954,14
955,25
956,29
957,100
958,93
959,63
960,30
961,136
962,2
963,2
964,182
965,55
966,30
967,141
968,158
969,27
970,165
971,37
972,11
973,69
974,33
975,136
976,37
977,114
978,45
979,54
980,33
981,124
982,37
983,168
984,18
985,165
986,63
987,93
988,28
989,182
990,88
991,90
992,51
993,63
994,172
995,47
996,27
997,27
998,37
999,31
1000,4
1001,21
1002,27
1003,87
1004,97
1005,24
1006,27
1007,57
1008,68
1009,88
1010,27
1011,100
1012,89
1013,5
1014,97
1015,76
1016,9
1017,182
1018,145
1019,133
1020,145
1021,29
1022,136
1023,27
1024,90
1025,168
1026,28
1027,163
1028,20
1029,13
1030,120
1031,37
1032,27
1033,163
1034,68
1035,90
1036,3
1037,37
1038,55
1039,30
1040,4
1041,145
1042,37
1043,13
1044,13
1045,44
1046,90
1047,41
1048,73
1049,14
1050,104
1051,47
1052,75
1053,27
1054,89
1055,57
1056,61
1057,77
1058,163
1059,151
1060,31
1061,47
1062,13
1063,32
1064,89
1065,69
1066,96
1067,103
1068,119
1069,96
1070,25
1071,98
1072,50
1073,134
1074,43
1075,163
1076,37
1077,4
1078,87
1079,35
1080,14
1081,21
1082,16
1083,75
1084,50
1085,57
1086,33
1087,165
1088,32
1089,42
1090,165
1091,4
1092,14
1093,28
1094,69
1095,33
1096,199
1097,57
1098,164
1099,120
1100,163
1101,90
1102,18
1103,14
1104,90
1105,16
1106,95
1107,97
1108,15
1109,97
1110,40
1111,4
1112,173
1113,76
1114,54
1115,13
1116,29
1117,13
1118,69
1119,97
1120,43
1121,33
1122,36
1123,43
1124,18
1125,177
1126,18
1127,37
1128,28
1129,77
1130,140
1131,24
1132,134
1133,37
1134,168
1135,132
1136,47
1137,37
1138,46
1139,125
1140,165
1141,25
1142,169
1143,125
1144,120
1145,93
1146,42
1147,90
1148,16
1149,106
1150,51
1151,37
1152,77
1153,27
1154,75
1155,120
1156,123
1157,120
1158,163
1159,10
1160,18
1161,61
1162,42
1163,28
1164,93
1165,9
1166,187
1167,43
1168,11
1169,37
1170,46
1171,88
1172,101
1173,48
1174,31
1175,56
1176,76
1177,33
1178,93
1179,123
1180,69
1181,4
1182,95
1183,132
1184,44
1185,14
1186,50
1187,88
1188,10
1189,90
1190,12
1191,18
1192,27
1193,20
1194,90
1195,18
1196,54
1197,33
1198,5
1199,28
1200,14
1201,77
1202,33
1203,5
1204,55
1205,34
1206,28
1207,33
1208,37
1209,88
1210,145
1211,151
1212,199
1213,182
1214,31
1215,37
1216,126
1217,141
1218,69
1219,44
1220,199
1221,69
1222,5
1223,57
1224,30
1225,84
1226,88
1227,61
1228,29
1229,27
1230,12
1231,3
1232,4
1233,93
1234,37
1235,88
1236,63
1237,18
1238,10
1239,143
1240,26
1241,25
1242,76
1243,30
1244,158
1245,95
1246,37
1247,63
1248,13
1249,123
1250,28
1251,37
1252,145
1253,28
1254,173
1255,30
1256,25
1257,37
1258,136
1259,169
1260,37
1261,163
1262,27
1263,61
1264,95
1265,12
1266,26
1267,83
1268,69
1269,144
1270,132
1271,13
1272,160
1273,13
1274,3
1275,163
1276,4
1277,40
1278,68
1279,18
1280,18
1281,99
1282,61
1283,20
1284,161
1285,14
1286,61
1287,141
1288,37
1289,163
1290,173
1291,61
1292,96
1293,96
1294,165
1295,37
1296,145
1297,59
1298,89
1299,84
1300,28
1301,68
1302,37
1303,63
1304,18
1305,98
1306,165
1307,46
1308,87
1309,27
1310,176
1311,90
1312,76
1313,46
1314,164
1315,125
1316,24
1317,55
1318,42
1319,21
1320,89
1321,43
1322,16
1323,27
1324,68
1325,168
1326,28
1327,44
1328,90
1329,37
1330,133
1331,93
1332,120
1333,4
1334,47
1335,16
1336,124
1337,39
1338,27
1339,163
1340,37
1341,158
1342,9
1343,29
1344,18
1345,37
1346,95
1347,34
1348,50
1349,12
1350,124
1351,42
1352,5
1353,37
1354,124
1355,144
1356,9
1357,90
1358,134
1359,4
1360,31
1361,97
1362,136
1363,94
1364,68
1365,88
1366,73
1367,44
1368,94
1369,63
1370,34
1371,120
1372,93
1373,132
1374,18
1375,75
1376,137
1377,27
1378,3
1379,35
1380,89
1381,88
1382,191
1383,55
1384,89
1385,4
1386,31
1387,26
1388,27
1389,37
1390,37
1391,37
1392,50
1393,61
1394,90
1395,93
1396,141
1397,18
1398,12
1399,31
1400,90
1401,61
1402,4
1403,87
1404,162
1405,28
1406,27
1407,93
1408,123
1409,30
1410,27
1411,34
1412,55
1413,28
1414,88
1415,124
1416,98
1417,132
1418,93
1419,7
1420,22
1421,16
1422,32
1423,13
1424,55
1425,170
1426,77
1427,90
1428,77
1429,62
1430,10
1431,47
1432,26
1433,5
1434,165
1435,59
1436,44
1437,88
1438,57
1439,18
1440,164
1441,77
1442,18
1443,37
1444,55
1445,182
1446,143
1447,13
1448,132
1449,31
1450,63
1451,111
1452,89
1453,132
1454,94
1455,24
1456,163
1457,74
1458,30
1459,141
1460,122
1461,45
1462,34
1463,30
1464,106
1465,69
1466,122
1467,37
1468,93
1469,77
1470,31
1471,45
1472,93
1473,141
1474,63
1475,35
1476,97
1477,93
1478,42
1479,4
1480,61
1481,9
1482,13
1483,88
1484,61
1485,28
1486,159
1487,162
1488,34
1489,62
1490,51
1491,34
1492,18
1493,120
1494,73
1495,28
1496,61
1497,165
1498,173
1499,88
1500,5
1501,33
1502,156
1503,54
1504,46
1505,75
1506,4
1507,76
1508,81
1509,68
1510,4
1511,37
1512,179
1513,92
1514,30
1515,37
1516,120
1517,22
1518,88
1519,37
1520,57
1521,13
1522,7
1523,37
1524,187
1525,3
1526,138
1527,89
1528,88
1529,14
1530,63
1531,21
1532,27
1533,68
1534,161
1535,91
1536,94
1537,106
1538,32
1539,15
1540,33
1541,4
1542,119
1543,37
1544,76
1545,16
1546,37
1547,77
1548,79
1549,119
1550,88
1551,151
1552,156
1553,39
1554,83
1555,28
1556,42
1557,55
1558,27
1559,34
1560,27
1561,125
1562,53
1563,75
1564,13
1565,182
1566,45
1567,51
1568,76
1569,17
1570,14
1571,90
1572,4
1573,87
1574,18
1575,29
1576,68
1577,125
1578,182
1579,165
1580,30
1581,76
1582,31
1583,165
1584,134
1585,163
1586,14
1587,4
1588,76
1589,14
1590,141
1591,7
1592,101
1593,104
1594,40
1595,34
1596,24
1597,37
1598,68
1599,39
1600,173
1601,96
1602,27
1603,134
1604,88
1605,83
1606,89
1607,27
1608,37
1609,14
1610,179
1611,3
1612,4
1613,100
1614,34
1615,44
1616,40
1617,46
1618,76
1619,90
1620,94
1621,88
1622,27
1623,27
1624,14
1625,16
1626,38
1627,34
1628,36
1629,22
1630,74
1631,77
1632,37
1633,33
1634,61
1635,40
1636,39
1637,90
1638,156
1639,163
1640,18
1641,89
1642,140
1643,75
1644,163
1645,125
1646,88
1647,42
1648,23
1649,57
1650,93
1651,34
1652,90
1653,85
1654,17
1655,26
1656,28
1657,63
1658,28
1659,47
1660,68
1661,168
1662,145
1663,63
1664,109
1665,34
1666,17
1667,37
1668,25
1669,199
1670,47
1671,162
1672,27
1673,21
1674,77
1675,121
1676,37
1677,18
1678,5
1679,37
1680,88
1681,79
1682,37
1683,77
1684,21
1685,93
1686,37
1687,90
1688,24
1689,7
1690,22
1691,123
1692,18
1693,25
1694,33
1695,187
1696,27
1697,104
1698,55
1699,58
1700,88
1701,25
1702,88
1703,34
1704,163
1705,54
1706,14
1707,90
1708,25
1709,42
1710,90
1711,27
1712,76
1713,26
1714,63
1715,187
1716,27
1717,54
1718,54
1719,26
1720,47
1721,143
1722,88
1723,67
1724,124
1725,18
1726,151
1727,158
1728,187
1729,165
1730,158
1731,30
1732,17
1733,28
1734,132
1735,77
1736,179
1737,77
1738,46
1739,119
1740,79
1741,44
1742,134
1743,165
1744,104
1745,34
1746,90
1747,163
1748,68
1749,144
1750,50
1751,101
1752,77
1753,35
1754,85
1755,88
1756,18
1757,47
1758,39
1759,100
1760,28
1761,16
1762,163
1763,50
1764,18
1765,28
1766,125
1767,88
1768,18
1769,99
1770,28
1771,163
1772,16
1773,17
1774,177
1775,39
1776,28
1777,57
1778,199
1779,43
1780,70
1781,63
1782,16
1783,173
1784,25
1785,87
1786,7
1787,37
1788,21
1789,47
1790,44
1791,37
1792,33
1793,119
1794,27
1795,76
1796,30
1797,44
1798,98
1799,104
1800,97
1801,16
1802,55
1803,21
1804,163
1805,158
1806,156
1807,106
1808,4
1809,165
1810,37
1811,37
1812,85
1813,93
1814,24
1815,37
1816,4
1817,22
1818,120
1819,13
1820,44
1821,109
1822,4
1823,76
1824,18
1825,96
1826,14
1827,55
1828,179
1829,88
1830,120
1831,28
1832,14
1833,18
1834,55
1835,50
1836,87
1837,13
1838,89
1839,151
1840,88
1841,18
1842,199
1843,18
1844,32
1845,30
1846,27
1847,75
1848,44
1849,138
1850,133
1851,90
1852,76
1853,40
1854,69
1855,13
1856,156
1857,69
1858,31
1859,99
1860,37
1861,4
1862,93
1863,151
1864,28
1865,40
1866,61
1867,13
1868,140
1869,87
1870,163
1871,120
1872,73
1873,22
1874,99
1875,74
1876,106
1877,37
1878,28
1879,89
1880,39
1881,29
1882,158
1883,20
1884,33
1885,123
1886,39
1887,177
1888,162
1889,4
1890,43
1891,43
1892,160
1893,4
1894,135
1895,179
1896,123
1897,18
1898,23
1899,18
1900,27
1901,4
1902,90
1903,4
1904,13
1905,63
1906,88
1907,134
1908,27
1909,9
1910,47
1911,33
1912,104
1913,37
1914,160
1915,90
1916,69
1917,63
1918,27
1919,163
1920,26
1921,4
1922,96
1923,24
1924,31
1925,69
1926,31
1927,33
1928,4
1929,57
1930,88
1931,25
1932,29
1933,134
1934,28
1935,92
1936,46
1937,182
1938,16
1939,25
1940,93
1941,55
1942,55
1943,70
1944,27
1945,55
1946,13
1947,44
1948,4
1949,42
1950,4
1951,33
1952,26
1953,75
1954,90
1955,95
1956,143
1957,138
1958,140
1959,76
1960,27
1961,9
1962,37
1963,143
1964,120
1965,60
1966,182
1967,15
1968,182
1969,182
1970,31
1971,4
1972,94
1973,34
1974,13
1975,147
1976,37
1977,76
1978,46
1979,163
1980,11
1981,61
1982,24
1983,106
1984,41
1985,14
1986,43
1987,151
1988,39
1989,89
1990,98
1991,76
1992,28
1993,37
1994,163
1995,16
1996,27
1997,61
1998,50
1999,89
2000,90
2001,27
2002,60
2003,93
2004,173
2005,45
2006,165
2007,90
2008,156
2009,18
2010,77
2011,27
2012,123
2013,46
2014,120
2015,44
2016,7
2017,104
2018,4
2019,34
2020,133
2021,40
2022,5
2023,4
2024,47
2025,42
2026,13
2027,63
2028,18
2029,4
2030,34
2031,57
2032,103
2033,68
2034,17
2035,25
2036,62
2037,93
2038,120
2039,88
2040,141
2041,90
2042,18
2043,60
2044,18
2045,46
2046,90
2047,16
2048,160
2049,4
2050,151
2051,75
2052,26
2053,16
2054,39
2055,3
2056,87
2057,27
2058,93
2059,187
2060,45
2061,12
2062,24
2063,97
2064,173
2065,42
2066,37
2067,18
2068,32
2069,57
2070,132
2071,33
2072,18
2073,88
2074,96
2075,47
2076,124
2077,17
2078,82
2079,34
2080,93
2081,76
2082,171
2083,26
2084,151
2085,55
2086,75
2087,50
2088,143
2089,34
2090,89
2091,23
2092,54
2093,18
2094,27
2095,42
2096,143
2097,50
2098,47
2099,37
2100,37
2101,28
2102,18
2103,18
2104,88
2105,24
2106,125
2107,37
2108,37
2109,69
2110,12
2111,37
2112,143
2113,37
2114,140
2115,168
2116,37
2117,87
2118,70
2119,125
2120,33
2121,69
2122,18
2123,163
2124,89
2125,30
2126,55
2127,88
2128,18
2129,191
2130,143
2131,124
2132,30
2133,28
2134,88
2135,23
2136,30
2137,63
2138,34
2139,30
2140,43
2141,61
2142,156
2143,69
2144,77
2145,156
2146,95
2147,79
2148,89
2149,16
2150,143
2151,16
2152,17
2153,4
2154,27
2155,4
2156,30
2157,125
2158,26
2159,124
2160,86
2161,96
2162,57
2163,30
2164,18
2165,161
2166,18
2167,30
2168,165
2169,173
2170,24
2171,27
2172,37
2173,163
2174,162
2175,28
2176,26
2177,37
2178,4
2179,46
2180,61
2181,26
2182,97
2183,55
2184,90
2185,124
2186,165
2187,37
2188,17
2189,28
2190,13
2191,37
2192,27
2193,165
2194,47
2195,13
2196,57
2197,34
2198,18
2199,34
2200,145
2201,57
2202,90
2203,85
2204,55
2205,21
2206,93
2207,165
2208,100
2209,28
2210,125
2211,4
2212,30
2213,98
2214,37
2215,22
2216,187
2217,37
2218,18
2219,70
2220,27
2221,136
2222,40
2223,3
2224,123
2225,187
2226,55
2227,37
2228,44
2229,37
2230,120
2231,30
2232,22
2233,39
2234,87
2235,4
2236,165
2237,51
2238,61
2239,37
2240,33
2241,101
2242,26
2243,37
2244,34
2245,92
2246,28
2247,134
2248,88
2249,95
2250,55
2251,46
2252,37
2253,5
2254,17
2255,12
2256,69
2257,42
2258,76
2259,34
2260,46
2261,10
2262,18
2263,90
2264,143
2265,93
2266,147
2267,57
2268,132
2269,4
2270,162
2271,59
2272,125
2273,47
2274,5
2275,16
2276,37
2277,143
2278,93
2279,179
2280,83
2281,109
2282,68
2283,165
2284,46
2285,55
2286,156
2287,161
2288,28
2289,159
2290,7
2291,179
2292,90
2293,55
2294,25
2295,36
2296,89
2297,90
2298,144
2299,16
2300,4
2301,37
2302,165
2303,76
2304,16
2305,90
2306,4
2307,17
2308,16
2309,4
2310,93
2311,37
2312,93
2313,37
2314,75
2315,28
2316,87
2317,145
2318,55
2319,37
2320,34
2321,61
2322,13
2323,123
2324,182
2325,98
2326,27
2327,94
2328,37
2329,25
2330,10
2331,163
2332,4
2333,25
2334,28
2335,21
2336,18
2337,31
2338,40
2339,73
2340,47
2341,28
2342,76
2343,21
2344,90
2345,28
2346,77
2347,24
2348,37
2349,61
2350,20
2351,30
2352,50
2353,76
2354,163
2355,90
2356,76
2357,88
2358,123
2359,33
2360,162
2361,122
2362,162
2363,15
2364,42
2365,33
2366,27
2367,163
2368,30
2369,57
2370,37
2371,13
2372,15
2373,44
2374,60
2375,27
2376,87
2377,30
2378,10
2379,121
2380,27
2381,4
2382,34
2383,90
2384,90
2385,40
2386,182
2387,63
2388,27
2389,34
2390,22
2391,123
2392,28
2393,23
2394,54
2395,141
2396,88
2397,48
2398,93
2399,18
2400,94
2401,27
2402,29
2403,43
2404,143
2405,121
2406,151
2407,162
2408,14
2409,161
2410,158
2411,98
2412,151
2413,77
2414,27
2415,55
2416,63
2417,151
2418,27
2419,25
2420,93
2421,97
2422,125
2423,191
2424,4
2425,27
2426,97
2427,88
2428,179
2429,25
2430,34
2431,94
2432,163
2433,37
2434,165
2435,177
2436,76
2437,122
2438,28
2439,37
2440,13
2441,33
2442,95
2443,90
2444,17
2445,35
2446,5
2447,54
2448,34
2449,100
2450,40
2451,90
2452,3
2453,55
2454,100
2455,158
2456,79
2457,9
2458,171
2459,5
2460,61
2461,57
2462,4
2463,88
2464,54
2465,143
2466,140
2467,191
2468,33
2469,37
2470,18
2471,76
2472,79
2473,42
2474,18
2475,200
2476,55
2477,120
2478,125
2479,123
2480,39
2481,28
2482,96
2483,54
2484,9
2485,16
2486,104
2487,37
2488,87
2489,5
2490,33
2491,47
2492,93
2493,130
2494,12
2495,24
2496,75
2497,39
2498,76
2499,92
2500,93
2501,160
2502,27
2503,151
2504,46
2505,82
2506,25
2507,2
2508,9
2509,90
2510,124
2511,104
2512,162
2513,22
2514,55
2515,57
2516,24
2517,26
2518,16
2519,28
2520,161
2521,25
2522,93
2523,27
2524,75
2525,134
2526,121
2527,63
2528,20
2529,96
2530,34
2531,28
2532,182
2533,100
2534,43
2535,16
2536,18
2537,74
2538,57
2539,119
2540,42
2541,37
2542,5
2543,199
2544,31
2545,138
2546,42
2547,187
2548,90
2549,33
2550,28
2551,34
2552,17
2553,37
2554,120
2555,54
2556,162
2557,94
2558,35
2559,7
2560,90
2561,33
2562,26
2563,144
2564,114
2565,76
2566,43
2567,41
2568,9
2569,46
2570,93
2571,168
2572,47
2573,45
2574,57
2575,163
2576,33
2577,47
2578,2
2579,173
2580,16
2581,82
2582,67
2583,23
2584,16
2585,61
2586,96
2587,20
2588,165
2589,93
2590,68
2591,28
2592,28
2593,40
2594,68
2595,52
2596,161
2597,182
2598,39
2599,5
2600,9
2601,163
2602,85
2603,143
2604,43
2605,88
2606,90
2607,76
2608,47
2609,88
2610,179
2611,3
2612,28
2613,14
2614,93
2615,28
2616,4
2617,30
2618,69
2619,97
2620,14
2621,171
2622,27
2623,94
2624,46
2625,3
2626,163
2627,44
2628,151
2629,74
2630,28
2631,33
2632,5
2633,44
2634,12
2635,95
2636,10
2637,47
2638,4
2639,120
2640,36
2641,28
2642,33
2643,141
2644,176
2645,90
2646,4
2647,12
2648,145
2649,33
2650,63
2651,42
2652,29
2653,61
2654,63
2655,88
2656,151
2657,163
2658,31
2659,50
2660,76
2661,89
2662,37
2663,27
2664,100
2665,34
2666,5
2667,28
2668,97
2669,88
2670,61
2671,37
2672,132
2673,4
2674,59
2675,79
2676,173
2677,77
2678,90
2679,44
2680,90
2681,27
2682,9
2683,25
2684,95
2685,70
2686,164
2687,66
2688,28
2689,44
2690,163
2691,163
2692,15
2693,50
2694,100
2695,16
2696,50
2697,34
2698,163
2699,9
2700,31
2701,98
2702,39
2703,16
2704,137
2705,11
2706,16
2707,182
2708,136
2709,63
2710,170
2711,163
2712,161
2713,12
2714,21
2715,37
2716,88
2717,145
2718,34
2719,4
2720,23
2721,157
2722,165
2723,37
2724,57
2725,97
2726,18
2727,122
2728,27
2729,9
2730,163
2731,17
2732,47
2733,46
2734,158
2735,96
2736,83
2737,36
2738,76
2739,37
2740,70
2741,28
2742,39
2743,34
2744,165
2745,159
2746,170
2747,136
2748,88
2749,88
2750,14
2751,55
2752,13
2753,83
2754,27
2755,132
2756,123
2757,42
2758,156
2759,15
2760,21
2761,79
2762,136
2763,134
2764,28
2765,103
2766,43
2767,76
2768,46
2769,140
2770,125
2771,24
2772,90
2773,41
2774,77
2775,3
2776,4
2777,35
2778,77
2779,76
2780,90
2781,69
2782,136
2783,31
2784,136
2785,93
2786,26
2787,63
2788,163
2789,13
2790,27
2791,87
2792,27
2793,33
2794,158
2795,21
2796,5
2797,87
2798,18
2799,77
2800,61
2801,24
2802,63
2803,24
2804,13
2805,97
2806,30
2807,34
2808,87
2809,14
2810,44
2811,90
2812,24
2813,90
2814,28
2815,22
2816,151
2817,26
2818,136
2819,55
2820,93
2821,33
2822,13
2823,33
2824,57
2825,175
2826,55
2827,165
2828,15
2829,33
2830,28
2831,3
2832,37
2833,34
2834,57
2835,69
2836,48
2837,88
2838,165
2839,17
2840,32
2841,54
2842,114
2843,88
2844,68
2845,4
2846,34
2847,60
2848,93
2849,13
2850,12
2851,199
2852,24
2853,29
2854,4
2855,37
2856,94
2857,90
2858,9
2859,177
2860,4
2861,26
2862,12
2863,20
2864,37
2865,43
2866,34
2867,21
2868,28
2869,42
2870,30
2871,3
2872,61
2873,124
2874,121
2875,30
2876,42
2877,17
2878,37
2879,24
2880,75
2881,173
2882,61
2883,90
2884,173
2885,125
2886,5
2887,86
2888,100
2889,13
2890,90
2891,2
2892,26
2893,36
2894,57
2895,76
2896,44
2897,90
2898,182
2899,50
2900,4
2901,125
2902,163
2903,76
2904,18
2905,37
2906,55
2907,93
2908,12
2909,55
2910,158
2911,73
2912,57
2913,106
2914,48
2915,151
2916,44
2917,40
2918,43
2919,90
2920,27
2921,37
2922,93
2923,18
2924,114
2925,159
2926,90
2927,87
2928,34
2929,34
2930,33
2931,28
2932,90
2933,47
2934,33
2935,45
2936,4
2937,16
2938,4
2939,29
2940,111
2941,13
2942,33
2943,37
2944,76
2945,55
2946,27
2947,90
2948,63
2949,79
2950,66
2951,25
2952,85
2953,88
2954,16
2955,77
2956,47
2957,33
2958,34
2959,173
2960,122
2961,62
2962,88
2963,93
2964,34
2965,158
2966,17
2967,14
2968,168
2969,136
2970,75
2971,13
2972,191
2973,156
2974,12
2975,4
2976,27
2977,55
2978,42
2979,69
2980,10
2981,87
2982,37
2983,24
2984,18
2985,4
2986,90
2987,37
2988,76
2989,57
2990,30
2991,57
2992,90
2993,4
2994,55
2995,55
2996,104
2997,18
2998,13
2999,163
3000,37
3001,179
3002,68
3003,199
3004,191
3005,151
3006,77
3007,31
3008,76
3009,151
3010,138
3011,37
3012,177
3013,27
3014,136
3015,21
3016,37
3017,144
3018,16
3019,39
3020,163
3021,140
3022,18
3023,77
3024,48
3025,18
3026,18
3027,44
3028,5
3029,55
3030,50
3031,93
3032,16
3033,57
3034,79
3035,151
3036,95
3037,4
3038,30
3039,69
3040,37
3041,123
3042,75
3043,158
3044,57
3045,47
3046,18
3047,45
3048,109
3049,63
3050,93
3051,18
3052,37
3053,104
3054,69
3055,90
3056,125
3057,173
3058,94
3059,27
3060,97
3061,14
3062,100
3063,97
3064,34
3065,76
3066,40
3067,55
3068,21
3069,18
3070,11
3071,18
3072,37
3073,173
3074,37
3075,9
3076,162
3077,143
3078,114
3079,4
3080,93
3081,9
3082,69
3083,10
3084,38
3085,96
3086,31
3087,21
3088,93
3089,7
3090,160
3091,61
3092,28
3093,16
3094,37
3095,12
3096,46
3097,73
3098,21
3099,27
3100,43
3101,63
3102,37
3103,90
3104,47
3105,68
3106,46
3107,90
3108,12
3109,12
3110,69
3111,27
3112,138
3113,171
3114,164
3115,37
3116,47
3117,171
3118,39
3119,37
3120,4
3121,18
3122,37
3123,37
3124,92
3125,21
3126,121
3127,90
3128,76
3129,10
3130,34
3131,136
3132,4
3133,3
3134,34
3135,13
3136,24
3137,37
3138,90
3139,18
3140,62
3141,37
3142,22
3143,145
3144,22
3145,63
3146,35
3147,27
3148,37
3149,55
3150,34
3151,28
3152,33
3153,37
3154,33
3155,160
3156,18
3157,133
3158,27
3159,2
3160,28
3161,33
3162,46
3163,90
3164,57
3165,11
3166,162
3167,33
3168,44
3169,163
3170,9
3171,37
3172,17
3173,28
3174,18
3175,14
3176,27
3177,29
3178,96
3179,153
3180,25
3181,37
3182,18
3183,14
3184,50
3185,34
3186,31
3187,27
3188,168
3189,24
3190,16
3191,37
3192,177
3193,163
3194,63
3195,4
3196,182
3197,34
3198,122
3199,42
3200,37
3201,26
3202,45
3203,136
3204,20
3205,10
3206,100
3207,151
3208,54
3209,27
3210,33
3211,28
3212,76
3213,18
3214,27
3215,36
3216,163
3217,18
3218,40
3219,14
3220,47
3221,25
3222,37
3223,37
3224,37
3225,28
3226,163
3227,23
3228,94
3229,37
3230,163
3231,73
3232,55
3233,124
3234,70
3235,28
3236,33
3237,48
3238,28
3239,27
3240,40
3241,170
3242,24
3243,31
3244,88
3245,37
3246,37
3247,53
3248,57
3249,27
3250,96
3251,90
3252,67
3253,33
3254,20
3255,20
3256,156
3257,191
3258,13
3259,18
3260,168
3261,182
3262,14
3263,39
3264,7
3265,165
3266,28
3267,92
3268,182
3269,18
3270,88
3271,8
3272,25
3273,34
3274,136
3275,37
3276,173
3277,37
3278,90
3279,101
3280,88
3281,28
3282,42
3283,75
3284,10
3285,134
3286,76
3287,77
3288,4
3289,12
3290,33
3291,136
3292,61
3293,43
3294,30
3295,17
3296,2
3297,16
3298,98
3299,37
3300,9
3301,47
3302,62
3303,69
3304,87
3305,137
3306,28
3307,13
3308,2
3309,30
3310,90
3311,27
3312,18
3313,98
3314,83
3315,27
3316,63
3317,136
3318,27
3319,33
3320,14
3321,23
3322,44
3323,13
3324,18
3325,70
3326,17
3327,22
3328,4
3329,27
3330,5
3331,34
3332,29
3333,18
3334,45
3335,27
3336,12
3337,124
3338,33
3339,31
3340,33
3341,44
3342,46
3343,132
3344,54
3345,37
3346,4
3347,141
3348,28
3349,57
3350,27
3351,164
3352,123
3353,21
3354,24
3355,88
3356,163
3357,69
3358,145
3359,92
3360,100
3361,4
3362,41
3363,4
3364,95
3365,42
3366,28
3367,87
3368,93
3369,170
3370,106
3371,182
3372,37
3373,63
3374,96
3375,29
3376,68
3377,31
3378,35
3379,61
3380,10
3381,44
3382,158
3383,182
3384,114
3385,13
3386,41
3387,37
3388,42
3389,124
3390,69
3391,36
3392,60
3393,24
3394,33
3395,23
3396,37
3397,88
3398,9
3399,33
3400,42
3401,88
3402,165
3403,68
3404,37
3405,30
3406,12
3407,92
3408,165
3409,18
3410,94
3411,31
3412,106
3413,162
3414,37
3415,14
3416,76
3417,13
3418,94
3419,10
3420,100
3421,87
3422,18
3423,28
3424,4
3425,57
3426,88
3427,132
3428,37
3429,27
3430,7
3431,93
3432,4
3433,135
3434,136
3435,57
3436,46
3437,41
3438,3
3439,37
3440,132
3441,86
3442,162
3443,12
3444,10
3445,151
3446,37
3447,100
3448,123
3449,27
3450,77
3451,44
3452,37
3453,36
3454,18
3455,25
3456,93
3457,76
3458,77
3459,61
3460,150
3461,199
3462,33
3463,28
3464,13
3465,93
3466,21
3467,57
3468,20
3469,37
3470,21
3471,14
3472,18
3473,29
3474,87
3475,165
3476,33
3477,76
3478,132
3479,46
3480,21
3481,109
3482,31
3483,46
3484,34
3485,79
3486,81
3487,37
3488,40
3489,164
3490,69
3491,57
3492,10
3493,27
3494,30
3495,42
3496,27
3497,67
3498,47
3499,89
3500,18
3501,37
3502,97
3503,45
3504,40
3505,13
3506,27
3507,13
3508,55
3509,7
3510,33
3511,90
3512,37
3513,37
3514,3
3515,18
3516,151
3517,24
3518,37
3519,37
3520,163
3521,76
3522,55
3523,177
3524,22
3525,37
3526,90
3527,24
3528,141
3529,96
3530,14
3531,76
3532,18
3533,17
3534,24
3535,33
3536,4
3537,58
3538,37
3539,25
3540,199
3541,47
3542,55
3543,151
3544,37
3545,182
3546,5
3547,39
3548,37
3549,77
3550,44
3551,22
3552,42
3553,16
3554,5
3555,37
3556,70
3557,75
3558,57
3559,44
3560,18
3561,104
3562,55
3563,168
3564,4
3565,38
3566,57
3567,4
3568,23
3569,20
3570,37
3571,124
3572,4
3573,61
3574,23
3575,143
3576,43
3577,88
3578,171
3579,59
3580,69
3581,187
3582,70
3583,177
3584,61
3585,60
3586,90
3587,140
3588,29
3589,10
3590,33
3591,27
3592,3
3593,55
3594,18
3595,90
3596,58
3597,151
3598,28
3599,200
3600,4
3601,16
3602,37
3603,55
3604,76
3605,134
3606,120
3607,48
3608,159
3609,33
3610,59
3611,165
3612,13
3613,96
3614,182
3615,173
3616,27
3617,119
3618,187
3619,14
3620,50
3621,42
3622,96
3623,43
3624,61
3625,162
3626,28
3627,6
3628,28
3629,120
3630,55
3631,35
3632,125
3633,163
3634,97
3635,4
3636,100
3637,182
3638,69
3639,37
3640,145
3641,76
3642,163
3643,124
3644,88
3645,42
3646,57
3647,4
3648,40
3649,165
3650,18
3651,76
3652,4
3653,5
3654,162
3655,76
3656,163
3657,42
3658,7
3659,163
3660,4
3661,33
3662,54
3663,39
3664,4
3665,10
3666,21
3667,68
3668,45
3669,37
3670,85
3671,120
3672,37
3673,16
3674,96
3675,95
3676,2
3677,90
3678,77
3679,45
3680,93
3681,37
3682,34
3683,179
3684,70
3685,182
3686,25
3687,33
3688,77
3689,37
3690,177
3691,21
3692,9
3693,42
3694,4
3695,143
3696,168
3697,4
3698,37
3699,160
3700,87
3701,21
3702,5
3703,87
3704,7
3705,69
3706,28
3707,25
3708,96
3709,125
3710,55
3711,124
3712,46
3713,5
3714,163
3715,134
3716,37
3717,77
3718,95
3719,30
3720,77
3721,87
3722,37
3723,55
3724,39
3725,9
3726,30
3727,42
3728,83
3729,163
3730,151
3731,28
3732,94
3733,55
3734,41
3735,125
3736,120
3737,96
3738,151
3739,88
3740,156
3741,61
3742,2
3743,12
3744,37
3745,39
3746,89
3747,164
3748,13
3749,163
3750,63
3751,84
3752,13
3753,177
3754,90
3755,61
3756,37
3757,76
3758,87
3759,18
3760,89
3761,77
3762,92
3763,61
3764,119
3765,165
3766,54
3767,40
3768,50
3769,90
3770,37
3771,59
3772,179
3773,18
3774,18
3775,28
3776,151
3777,13
3778,34
3779,55
3780,26
3781,165
3782,28
3783,23
3784,199
3785,151
3786,74
3787,151
3788,26
3789,54
3790,48
3791,37
3792,141
3793,63
3794,163
3795,133
3796,60
3797,106
3798,165
3799,18
3800,44
3801,56
3802,63
3803,28
3804,187
3805,90
3806,90
3807,33
3808,30
3809,165
3810,4
3811,48
3812,69
3813,133
3814,77
3815,16
3816,2
3817,47
3818,158
3819,42
3820,165
3821,96
3822,3
3823,92
3824,21
3825,40
3826,162
3827,48
3828,177
3829,4
3830,55
3831,37
3832,18
3833,122
3834,26
3835,4
3836,50
3837,132
3838,57
3839,94
3840,54
3841,34
3842,37
3843,39
3844,86
3845,26
3846,55
3847,25
3848,4
3849,34
3850,143
3851,88
3852,120
3853,28
3854,139
3855,151
3856,55
3857,28
3858,40
3859,9
3860,41
3861,182
3862,42
3863,54
3864,93
3865,39
3866,31
3867,76
3868,97
3869,100
3870,125
3871,27
3872,93
3873,77
3874,162
3875,88
3876,93
3877,18
3878,14
3879,31
3880,43
3881,46
3882,132
3883,90
3884,47
3885,168
3886,4
3887,27
3888,179
3889,88
3890,41
3891,33
3892,50
3893,47
3894,95
3895,55
3896,109
3897,88
3898,165
3899,88
3900,4
3901,4
3902,27
3903,61
3904,4
3905,15
3906,18
3907,37
3908,33
3909,25
3910,27
3911,173
3912,18
3913,3
3914,170
3915,14
3916,120
3917,119
3918,17
3919,163
3920,77
3921,63
3922,94
3923,50
3924,136
3925,179
3926,40
3927,28
3928,16
3929,18
3930,4
3931,40
3932,158
3933,34
3934,88
3935,77
3936,87
3937,42
3938,90
3939,88
3940,100
3941,143
3942,135
3943,182
3944,16
3945,177
3946,76
3947,37
3948,31
3949,77
3950,18
3951,28
3952,63
3953,63
3954,88
3955,18
3956,40
3957,25
3958,141
3959,96
3960,28
3961,37
3962,151
3963,29
3964,171
3965,20
3966,103
3967,87
3968,17
3969,96
3970,28
3971,90
3972,54
3973,36
3974,4
3975,162
3976,33
3977,136
3978,17
3979,21
3980,37
3981,15
3982,40
3983,55
3984,16
3985,93
3986,55
3987,21
3988,33
3989,76
3990,21
3991,33
3992,120
3993,169
3994,185
3995,93
3996,21
3997,162
3998,13
3999,63
4000,122
